sample_code,mean_R,mean_G,mean_B,sd_R,sd_G,sd_B,brightness_mean,brightness_sd,texture,A_high,A_low,F_p95,F_p05,blob_max,NDFI_mean,NDFI_p95,NDFI_p05,n_small_sharp_blobs,n_large_blotches,avg_small_blob_diam_px,avg_large_blotch_diam_px,cluster_density,ratio_small_to_large,uv_exclusive_dot_frac,compactdry
S001,0.0015857566613703966,0.0019805694464594126,0.05565982311964035,0.0023452993482351303,0.0069074202328920364,0.08634437620639801,0.019742051139473915,0.030022935941815376,0.012528710067272186,0.23804972420225937,0.0,0.07909413427114487,0.001315283589065075,291.0,-0.6695977449417114,-0.31639787554740906,-0.9621228575706482,15.0,0.0,7.3903233980415965,0.0,0.025352002633682785,0.9999999333333378,1.0,1
S002,0.0037890153471380472,0.004499249160289764,0.11179952323436737,0.004870573990046978,0.009222054854035378,0.10903415083885193,0.040029264986515045,0.03823642060160637,0.020642602816224098,0.028040396595999495,0.0,0.11286699771881104,0.0024209802504628897,1636.0,-0.7837347388267517,-0.4745274782180786,-0.9581900238990784,60.0,2.0,6.41147917697168,44.14761667008064,0.0571826405743291,0.9677419198751304,0.8,1
S003,0.0059076938778162,0.003520798170939088,0.08394016325473785,0.0072824484668672085,0.006105115171521902,0.09026288986206055,0.031122885644435883,0.030445650219917297,0.009983258321881294,0.08370279098868788,0.0,0.10034298151731491,0.002475517801940441,1928.0,-0.7674541473388672,-0.3556894063949585,-0.9536219239234924,36.0,1.0,7.596771335238041,49.54599723740954,0.051882052793556115,0.9729729466764069,0.33333333333333337,1
S004,0.0023455731570720673,0.0025259344838559628,0.06175334379076958,0.0032157066743820906,0.00452918466180563,0.1135411188006401,0.022208280861377716,0.03880641236901283,0.017164595425128937,0.23175071108603276,0.0,0.1054568663239479,0.0010117565980181098,1473.0,-0.6428108811378479,-0.27256396412849426,-0.9463307857513428,35.0,2.0,6.3500050593209965,42.205721343180244,0.04978604736888052,0.94594592037984,0.5428571428571429,0
S005,0.004150998312979937,0.007461313158273697,0.09453064203262329,0.00717895058915019,0.016465168446302414,0.13230128586292267,0.03538098558783531,0.04864941164851189,0.02678394690155983,0.1681732861962943,0.0,0.14190958440303802,0.0015290292212739587,2020.0,-0.648745059967041,-0.2811332643032074,-0.9381567239761353,66.0,2.0,5.610022401999128,47.79744965879354,0.059881586431341616,0.9705882210207615,0.31818181818181823,1
S006,0.004491015337407589,0.007192140445113182,0.1595764011144638,0.007665276527404785,0.013511128723621368,0.1567409485578537,0.0570865236222744,0.054966896772384644,0.024059150367975235,0.11811129408061662,0.0,0.1697174310684204,0.0074710845947265625,312.0,-0.8254046440124512,-0.6413335204124451,-0.9431262016296387,79.0,0.0,6.326317382687339,0.0,0.08214088839314741,0.9999999873417723,0.5316455696202531,0
S007,0.0021886625327169895,0.002342985477298498,0.03853602707386017,0.002672325586900115,0.005110542755573988,0.05915088206529617,0.014355892315506935,0.020822986960411072,0.008441459387540817,0.2508742231792935,0.0,0.058042265474796295,0.001315283589065075,1613.0,-0.6055085062980652,-0.2498970925807953,-0.9388190507888794,18.0,2.0,8.172540786689044,44.275713772344524,0.023235579409346695,0.8999999550000022,1.0,1
S008,0.0018652097787708044,0.0018953185062855482,0.09110511094331741,0.0016046944074332714,0.0013566565467044711,0.13739609718322754,0.03162188082933426,0.046054646372795105,0.008212964050471783,0.21279993244202874,0.0,0.144967719912529,0.001112932339310646,3118.0,-0.7307705879211426,-0.31639787554740906,-0.9658697843551636,7.0,1.0,6.364940410006883,63.007625732797116,0.02999156168834934,0.8749998906250137,1.0,0
S009,0.003403004026040435,0.003842361969873309,0.07521896809339523,0.006610296666622162,0.012904715724289417,0.09783676266670227,0.027488112449645996,0.034692589193582535,0.013576548546552658,0.16410829235712066,0.0,0.10159773379564285,0.0018474506214261055,3283.0,-0.7244418263435364,-0.3522500991821289,-0.9596248269081116,29.0,2.0,6.877833066229386,52.90989215268189,0.03779499858104277,0.9354838407908438,0.4137931034482759,1
S010,0.0014372561126947403,0.004214765969663858,0.17402543127536774,0.0023542349226772785,0.007287666667252779,0.1940125823020935,0.059892479330301285,0.0656917542219162,0.013227392919361591,0.11433802784463203,0.0,0.18505679070949554,0.001315283589065075,3804.0,-0.736045777797699,-0.32684236764907837,-0.9632506966590881,36.0,1.0,7.092227820751327,69.59456320843287,0.0361160373220097,0.9729729466764069,0.9444444444444444,1
S011,0.0068874722346663475,0.01930546760559082,0.17162814736366272,0.013021759688854218,0.026661133393645287,0.19860588014125824,0.06594035774469376,0.07317289710044861,0.02330571413040161,0.07858604236959585,0.0,0.21399234235286713,0.002475517801940441,308.0,-0.5932850241661072,-0.23645180463790894,-0.8971337676048279,72.0,0.0,6.131423905135971,0.0,0.05991595656954877,0.9999999861111113,0.20833333333333337,0
S012,0.004405113402754068,0.0034534907899796963,0.0677211582660675,0.0062468345277011395,0.009088730439543724,0.10416600853204727,0.02519325353205204,0.03626600652933121,0.015653463080525398,0.12171182686734455,0.0,0.10308148711919785,0.0012141079641878605,2991.0,-0.6844537258148193,-0.2498970925807953,-0.9490970969200134,31.0,1.0,6.901543898814783,61.71109688137841,0.059087719664864716,0.9687499697265636,0.4838709677419355,1
S013,0.004191472660750151,0.004827488679438829,0.08791804313659668,0.00856613740324974,0.010902930051088333,0.1184176355600357,0.032312337309122086,0.04095559939742088,0.015428165905177593,0.24842140819984876,0.0,0.12450521439313889,0.001315283589065075,2196.0,-0.7076168656349182,-0.2498970925807953,-0.9384791254997253,29.0,1.0,8.046471424932388,52.877538144645285,0.04249564488904944,0.9666666344444454,0.1724137931034483,1
S014,0.001649153302423656,0.0025561845395714045,0.0355212539434433,0.0034590342547744513,0.0074806311167776585,0.05694358050823212,0.013242197223007679,0.020771807059645653,0.014377881772816181,0.17469493353600724,0.0,0.05389753356575966,0.001315283589065075,1755.0,-0.6347772479057312,-0.2498970925807953,-0.9304425716400146,39.0,1.0,7.375315347590629,47.27087264912941,0.06084887043271943,0.9749999756250006,0.3589743589743589,1
S015,0.0020143529400229454,0.0022874006535857916,0.07004164159297943,0.002872717333957553,0.0039005745202302933,0.10557273775339127,0.024781132116913795,0.0357619971036911,0.010377035476267338,0.23599995393774686,0.0,0.112143874168396,0.0010117565980181098,328.0,-0.671920657157898,-0.27256396412849426,-0.9508383870124817,44.0,0.0,7.538238506346616,0.0,0.05076848999166246,0.9999999772727278,0.9090909090909091,1
S016,0.0013915193267166615,0.002687370404601097,0.03929675742983818,0.0018224123632535338,0.010406505316495895,0.07284841686487198,0.014458549208939075,0.026670726016163826,0.005908967461436987,0.25381836885884607,0.0,0.06588435918092728,0.001315283589065075,4142.0,-0.5987823605537415,-0.2811332643032074,-0.9510920643806458,10.0,1.0,6.865572933547277,72.62064578543105,0.0210294972021781,0.9090908264462886,0.9,1
S017,0.006258870474994183,0.004022037144750357,0.10387542843818665,0.009565687738358974,0.011814752593636513,0.1003970354795456,0.038052111864089966,0.035122260451316833,0.014769298024475574,0.11874081154012982,0.0,0.11067842692136765,0.0027777508366853,5514.0,-0.839835524559021,-0.4518575370311737,-0.9621676802635193,16.0,1.0,6.20674831054557,83.78927645987693,0.06831291146607621,0.9411764152249167,1.0,1
S018,0.0012575997970998287,0.0014973426004871726,0.05738386511802673,0.001300313975661993,0.0006600948399864137,0.08882970362901688,0.02004627138376236,0.029791252687573433,0.005477209109812975,0.1430079419001447,0.0,0.09127887338399887,0.0012141079641878605,2438.0,-0.7118853330612183,-0.33735576272010803,-0.9637941718101501,1.0,1.0,4.222008245644752,55.71497114837561,0.0,0.499999750000125,1.0,0
S019,0.0009700305527076125,0.0016209905734285712,0.06992853432893753,0.0009321185643784702,0.0009826613822951913,0.11822076141834259,0.024173187091946602,0.03972221538424492,0.006181351840496063,0.2696292372474733,0.0,0.1252661496400833,0.0015290292212739587,2022.0,-0.692186176776886,-0.33735576272010803,-0.9648010730743408,21.0,2.0,5.974387992212689,47.00107328302829,0.03854542843970345,0.9130434385633287,1.0,0
S020,0.007737159729003906,0.006349483039230108,0.15381892025470734,0.011778432875871658,0.00983239896595478,0.17046968638896942,0.055968523025512695,0.05849805474281311,0.024213317781686783,0.034120614009834294,0.0,0.1714996099472046,0.001315283589065075,1489.0,-0.7311936616897583,-0.2498970925807953,-0.9434982538223267,42.0,1.0,5.93071491317964,43.54140193092842,0.05691940616431866,0.9767441633315311,0.16666666666666663,0
S021,0.0035650774370878935,0.004390680696815252,0.10343945026397705,0.0038608661852777004,0.010381362400949001,0.11771226674318314,0.03713173046708107,0.0414431132376194,0.009938503615558147,0.09002483523148201,0.0,0.11587169021368027,0.0019970203284174204,4004.0,-0.7678105235099792,-0.4450886845588684,-0.9445167779922485,43.0,1.0,6.317276970998652,71.40063821227085,0.04517820935448145,0.977272705061984,0.11627906976744184,1
S022,0.0039949920028448105,0.004024865571409464,0.044841378927230835,0.004607245791703463,0.014475181698799133,0.0683080404996872,0.01762041263282299,0.02631380222737789,0.00830677431076765,0.1481553986879935,0.0,0.06361868232488632,0.0014164593303576112,3698.0,-0.6519210934638977,-0.2811332643032074,-0.920009970664978,24.0,2.0,7.155976946963456,56.261739084368614,0.053651632758285654,0.9230768875739658,0.04166666666666663,1
S023,0.003134956583380699,0.009561794809997082,0.18219806253910065,0.005168156698346138,0.0210291538387537,0.22504621744155884,0.06496493518352509,0.07868673652410507,0.02883855812251568,0.2116138294237996,0.0,0.2386164665222168,0.0019970203284174204,2469.0,-0.7171014547348022,-0.39761191606521606,-0.9542613625526428,48.0,3.0,6.41107837473685,47.84565806929985,0.0738137801566429,0.9411764521337951,0.16666666666666663,1
S024,0.0040394943207502365,0.007413411978632212,0.08356070518493652,0.005890669766813517,0.020261142402887344,0.10603488981723785,0.031671203672885895,0.04068189859390259,0.024553436785936356,0.14820913798331778,0.0,0.11619137227535248,0.001621390227228403,2185.0,-0.6703351140022278,-0.32121482491493225,-0.9377712607383728,50.0,2.0,7.329159639422013,46.303618564434665,0.0728843045031963,0.9615384430473377,0.07999999999999996,1
S025,0.0044142985716462135,0.0061846571043133736,0.11550351977348328,0.006258449982851744,0.015012543648481369,0.1317114531993866,0.04203416034579277,0.046560272574424744,0.014761299826204777,0.10778567233616232,0.0,0.1430431455373764,0.0018474506214261055,5090.0,-0.7500088810920715,-0.4006320536136627,-0.9348291754722595,41.0,1.0,6.521550901642016,80.5033495123152,0.07617528975416166,0.9761904529478465,0.024390243902439046,1
S026,0.0036830538883805275,0.008376548998057842,0.1898619681596756,0.004905399866402149,0.01958916336297989,0.19745400547981262,0.06730718165636063,0.0686006024479866,0.019327182322740555,0.02878123116725588,0.0,0.1971925050020218,0.0018474506214261055,5867.0,-0.7545304298400879,-0.35734987258911133,-0.9586008191108704,43.0,1.0,6.94239936150209,86.42971947751074,0.05618699434217475,0.977272705061984,0.16279069767441856,1
S027,0.003656866028904915,0.003925244323909283,0.0503559336066246,0.0038096499629318714,0.01199414674192667,0.07754401862621307,0.01931268349289894,0.02913728728890419,0.008815792389214039,0.15261959872100478,0.0,0.07099495083093643,0.0022732194047421217,5787.0,-0.6986152529716492,-0.4006320536136627,-0.9295778870582581,30.0,1.0,6.222581100931373,85.83843687639231,0.06649928116891772,0.9677419042663902,0.19999999999999996,1
S028,0.0042631132528185844,0.0028224620036780834,0.07451874762773514,0.004991697613149881,0.004187222570180893,0.09507262706756592,0.027201440185308456,0.03209450840950012,0.009172366000711918,0.10524073285044738,0.0,0.10104700177907944,0.0015290292212739587,230.0,-0.7362352013587952,-0.33735576272010803,-0.9392755627632141,33.0,0.0,7.766366532522144,0.0,0.0650176580949428,0.9999999696969707,0.2727272727272727,1
S029,0.003893344197422266,0.004134356509894133,0.07475186884403229,0.00409042090177536,0.007895749062299728,0.08763284236192703,0.027593189850449562,0.0305342860519886,0.008247526362538338,0.1403363312183082,0.0,0.09338747709989548,0.0019486263627186418,2831.0,-0.6806254982948303,-0.33315038681030273,-0.9275907874107361,35.0,1.0,6.202264209957737,60.03783099967258,0.04399353035765238,0.9722221952160502,0.4,1
S030,0.002702188678085804,0.002382810227572918,0.062226563692092896,0.004395668860524893,0.004327694419771433,0.08394043892621994,0.022437186911702156,0.029107477515935898,0.006183687597513199,0.24262907986810842,0.0,0.08737882971763611,0.0010117565980181098,2124.0,-0.6790515780448914,-0.2498970925807953,-0.9418554306030273,18.0,2.0,6.401243527380942,52.00346904791531,0.05779168834813557,0.8999999550000022,0.4444444444444444,1
S031,0.010118033736944199,0.020388176664710045,0.15502506494522095,0.017583606764674187,0.032922934740781784,0.18317319452762604,0.061843764036893845,0.07129840552806854,0.02933766506612301,0.07000694772318121,0.0,0.2157851755619049,0.001621390227228403,1687.0,-0.5814248919487,-0.2009524255990982,-0.9388190507888794,50.0,2.0,5.7452901074366665,44.98024120361201,0.04781069564467694,0.9615384430473377,0.33999999999999997,1
S032,0.002272235695272684,0.0018563105259090662,0.10637659579515457,0.002629101974889636,0.0010250502964481711,0.12732085585594177,0.03683504834771156,0.04245546832680702,0.004908994771540165,0.14492336392634644,0.0,0.13520672917366028,0.0018474506214261055,260.0,-0.793292224407196,-0.4378546476364136,-0.9678683876991272,11.0,0.0,7.486029417844031,0.0,0.030941833748488273,0.9999999090909174,1.0,0
S033,0.0043191066943109035,0.003751511452719569,0.10646079480648041,0.0063004400581121445,0.004638800863176584,0.1595630645751953,0.038177136331796646,0.05416617542505264,0.01188670750707388,0.2746538613602951,0.0,0.1635279506444931,0.001621390227228403,215.0,-0.6779835820198059,-0.33735576272010803,-0.9440651535987854,32.0,0.0,6.629003032051994,0.0,0.047087415362125566,0.9999999687500011,0.25,0
S034,0.0018407414900138974,0.004145382903516293,0.0808701142668724,0.0031252887565642595,0.016618186607956886,0.10635480284690857,0.02895207889378071,0.03833402320742607,0.013126637786626816,0.19833254643650894,0.0,0.11390810459852219,0.0019970203284174204,2362.0,-0.7645893692970276,-0.47211572527885437,-0.9614064693450928,26.0,2.0,6.60415701016901,49.82463762264051,0.035093706396405966,0.9285713954081645,1.0,1
S035,0.0016549290157854557,0.0019007597584277391,0.03513144701719284,0.0023202206939458847,0.003277694573625922,0.049556028097867966,0.01289571262896061,0.017122188583016396,0.005665489938110113,0.2740780831961062,0.0,0.048301875591278076,0.0014164593303576112,1341.0,-0.6259158253669739,-0.2811332643032074,-0.9343374371528625,27.0,1.0,7.8073656742669995,41.32086917635994,0.039251718263715686,0.96428567984694,0.2962962962962963,0
S036,0.0025182384997606277,0.0036018043756484985,0.08739538490772247,0.0048270756378769875,0.0065953913144767284,0.12659014761447906,0.031171808019280434,0.04364409297704697,0.009367297403514385,0.31950314182951595,0.0,0.1270577609539032,0.001315283589065075,6191.0,-0.6444947719573975,-0.2498970925807953,-0.9459238648414612,18.0,1.0,6.732601483310354,88.78415411240562,0.037462029452079125,0.9473683711911383,0.4444444444444444,0
S037,0.002905503148213029,0.0022953120060265064,0.061308130621910095,0.006896746810525656,0.0024223991204053164,0.10525088757276535,0.022169647738337517,0.036092936992645264,0.006613799370825291,0.2474541008840114,0.0,0.10558656603097916,0.001315283589065075,3976.0,-0.6514548659324646,-0.27264565229415894,-0.9414242506027222,7.0,2.0,5.410455643921212,58.80317207072465,0.043786174210528835,0.7777776913580343,0.7142857142857143,0
S038,0.0013760136207565665,0.001578723662532866,0.0812026634812355,0.0015922958264127374,0.0008876363863237202,0.118405282497406,0.028052467852830887,0.039738159626722336,0.005824008025228977,0.1910240022724045,0.0,0.12021654099225998,0.001315283589065075,1867.0,-0.7412993907928467,-0.33735576272010803,-0.9674158096313477,2.0,2.0,9.349450020710645,46.28711265848647,0.11219141635337385,0.49999987500003124,1.0,0
S039,0.0022943259682506323,0.002391548128798604,0.09483539313077927,0.003629793878644705,0.00299470336176455,0.14054065942764282,0.033173754811286926,0.04756007716059685,0.010603793896734715,0.34583539653842166,0.0,0.14456303417682648,0.001315283589065075,2615.0,-0.6653922200202942,-0.2498970925807953,-0.9609566926956177,36.0,2.0,7.046007713980942,51.07033279933795,0.04700759129470355,0.9473683961218844,0.8888888888888888,0
S040,0.002298622392117977,0.0026567571330815554,0.1451234668493271,0.002252475591376424,0.0020386737305670977,0.16269218921661377,0.05002628266811371,0.05458211898803711,0.00670253811404109,0.08156857326009435,0.0,0.1738099604845047,0.0034630957525223494,1680.0,-0.8282332420349121,-0.47982582449913025,-0.9636493921279907,21.0,1.0,5.889663277648672,46.24978308224886,0.04815328047950411,0.9545454111570267,0.6190476190476191,1
S041,0.003009278792887926,0.0028032429981976748,0.13949769735336304,0.0038700855802744627,0.0037049250677227974,0.14804382622241974,0.048436738550662994,0.04975137859582901,0.014330888167023659,0.04479554117389652,0.0,0.15268293023109436,0.0015290292212739587,2130.0,-0.8061872720718384,-0.3953990638256073,-0.9621676802635193,33.0,2.0,5.890636180500655,46.91344882935961,0.040014947531502885,0.9428571159183682,0.8484848484848485,0
S042,0.004256358370184898,0.00253835110925138,0.07533305883407593,0.005056832917034626,0.00198578299023211,0.08638430386781693,0.027375923469662666,0.029007447883486748,0.009129884652793407,0.06279820510753617,0.0,0.08979698270559311,0.00161881058011204,143.0,-0.741526186466217,-0.33735576272010803,-0.9461089968681335,43.0,0.0,5.147226634427184,0.0,0.05202250179780431,0.9999999767441866,0.5116279069767442,0
S043,0.0017256465507671237,0.0031869185622781515,0.10166347026824951,0.0017264909110963345,0.0075422851368784904,0.145154669880867,0.03552534803748131,0.04972560331225395,0.010757585056126118,0.24277110514860833,0.0,0.15820111334323883,0.002131874905899167,5477.0,-0.7638340592384338,-0.47211572527885437,-0.9636931419372559,23.0,1.0,7.444231555998843,83.5076822005885,0.037648182766612685,0.9583332934027794,0.8695652173913043,1
S044,0.002341726329177618,0.0023439356591552496,0.10823120176792145,0.0023162069264799356,0.0023165910970419645,0.1565658003091812,0.03763895481824875,0.05266653746366501,0.006997796706855297,0.2651304905246107,0.0,0.16209320724010468,0.0018474506214261055,2062.0,-0.7326382398605347,-0.4006320536136627,-0.9599798917770386,13.0,3.0,6.474587360322358,44.54984920386369,0.028811484572891472,0.8124999492187531,0.6923076923076923,0
S045,0.002463069511577487,0.0022875082213431597,0.08834727853536606,0.0039888834580779076,0.005233663599938154,0.09960813820362091,0.031032619997859,0.033853255212306976,0.009212777949869633,0.11301757658809214,0.0,0.10597819834947586,0.0015290292212739587,2366.0,-0.8041030168533325,-0.33735576272010803,-0.962697446346283,17.0,1.0,6.456409167502316,54.886107193381775,0.032236541980165,0.9444443919753115,1.0,1
S046,0.005178569350391626,0.0064312671311199665,0.1479601413011551,0.010191673412919044,0.01465242076665163,0.16885638236999512,0.053189992904663086,0.05948914214968681,0.02357622981071472,0.1502972934587762,0.0,0.16910690069198608,0.001315283589065075,4274.0,-0.7403294444084167,-0.2498970925807953,-0.9493518471717834,23.0,2.0,7.530904107329051,59.85734556842058,0.04155878807847215,0.9199999632000014,0.4782608695652174,1
S047,0.009202707558870316,0.00845902506262064,0.1281381994485855,0.016072046011686325,0.015088078565895557,0.15829086303710938,0.048599973320961,0.05547446385025978,0.021097850054502487,0.10246548209905687,0.0,0.17709094285964966,0.0022330505307763815,420.0,-0.7148222327232361,-0.3839872181415558,-0.944375216960907,61.0,0.0,6.857496255038585,0.0,0.06056890419447728,0.9999999836065577,0.1311475409836066,1
S048,0.0028174191247671843,0.004008101765066385,0.16891327500343323,0.0035232026129961014,0.007430072408169508,0.17269650101661682,0.058579593896865845,0.05834399163722992,0.012146668508648872,0.08084309277321633,0.0,0.17640173435211182,0.0027777508366853,1335.0,-0.824260413646698,-0.4910222887992859,-0.9637120366096497,12.0,2.0,4.8757789987305316,40.481327905689476,0.0493596174656196,0.8571427959183717,1.0,0
S049,0.0009987271623685956,0.0018817594973370433,0.12861774861812592,0.0004868788819294423,0.000708338397089392,0.11054154485464096,0.04383273795247078,0.037045013159513474,0.0027384513523429632,0.11686761324596859,0.0,0.11859402060508728,0.005421668291091919,32.0,-0.8922339081764221,-0.6859641075134277,-0.9714346528053284,10.0,0.0,5.2261422284157435,0.0,0.027511908714166623,0.99999990000001,1.0,0
S050,0.0019766204059123993,0.002461143769323826,0.13008739054203033,0.002276828046888113,0.0026263180188834667,0.13736553490161896,0.044841717928647995,0.04614916071295738,0.005750006530433893,0.06778444400941205,0.0,0.1408240795135498,0.0016661653062328696,3905.0,-0.8052448630332947,-0.40448135137557983,-0.9674380421638489,4.0,1.0,6.88055337875424,70.51241324895078,0.011749891871699466,0.799999840000032,1.0,0
S051,0.005738195031881332,0.005083216354250908,0.14511741697788239,0.0076913051307201385,0.008578130975365639,0.14077045023441315,0.05197961628437042,0.04826721176505089,0.016911963000893593,0.018973809770571594,0.0,0.148776113986969,0.002131874905899167,2588.0,-0.789026141166687,-0.4378546476364136,-0.956887423992157,51.0,1.0,6.243898311084418,57.403344343118206,0.07873607142865041,0.9807692119082845,0.47058823529411764,0
S052,0.0009720736998133361,0.001741693471558392,0.03790809586644173,0.0011006928980350494,0.0030701206997036934,0.06501207500696182,0.013540619052946568,0.022176941856741905,0.003718594554811716,0.2171144301523509,0.0,0.06544143706560135,0.001315283589065075,3224.0,-0.6345237493515015,-0.29506051540374756,-0.9518651962280273,14.0,1.0,6.8381506924648265,64.06968309759434,0.029398616914667774,0.9333332711111153,0.5,1
S053,0.003740880638360977,0.004734683781862259,0.1428471803665161,0.004589136689901352,0.014743909239768982,0.15614290535449982,0.05044091120362282,0.05380667746067047,0.011429350823163986,0.10395866680485343,0.0,0.17573605477809906,0.0028376819100230932,4774.0,-0.835966169834137,-0.4745274782180786,-0.9645825624465942,25.0,1.0,8.247904379131137,77.96438665548307,0.057630335302484556,0.9615384245562144,0.31999999999999995,1
S054,0.001745066954754293,0.0016395833808928728,0.05807271599769592,0.0022428955417126417,0.0011663309996947646,0.09995034337043762,0.020485788583755493,0.03353925049304962,0.004666263237595558,0.15719895438685383,0.0,0.10437042266130447,0.001315283589065075,3132.0,-0.6984432935714722,-0.2811332643032074,-0.9628346562385559,16.0,3.0,6.096371782345812,47.79785822336536,0.03872114302871308,0.8421052188365674,1.0,0
S055,0.002225936856120825,0.002727901330217719,0.09641600400209427,0.0030984177719801664,0.003371377708390355,0.14743731915950775,0.033789943903684616,0.05000847205519676,0.01505129225552082,0.20780601649796365,0.0,0.1479993611574173,0.0015290292212739587,1564.0,-0.7489686608314514,-0.33735576272010803,-0.9491001963615417,42.0,2.0,5.646845933270753,42.10718908937421,0.04825226704610236,0.9545454328512403,0.7857142857142857,0
S056,0.0012485296465456486,0.002048134570941329,0.05423864722251892,0.0016777146374806762,0.004335821606218815,0.07566172629594803,0.01917843706905842,0.02593967691063881,0.008075195364654064,0.2511774663457663,0.0,0.07562343031167984,0.0015290292212739587,1853.0,-0.6915032267570496,-0.33735576272010803,-0.950992226600647,18.0,1.0,6.464226443166399,48.572758583327925,0.03143916113736292,0.9473683711911383,0.8333333333333334,1
S057,0.0016778677236288786,0.003486662171781063,0.14636710286140442,0.0018423785222694278,0.007334662601351738,0.1770111322402954,0.05051054060459137,0.0606246292591095,0.01679939590394497,0.19670117497130704,0.0,0.1798803061246872,0.0037529151886701584,4329.0,-0.8286481499671936,-0.5242605805397034,-0.9673745036125183,59.0,2.0,5.190258604159461,59.11709008620355,0.05196829303627897,0.967213098898146,0.9830508474576272,1
S058,0.0014423913089558482,0.0018512873211875558,0.07278022915124893,0.0011686586076393723,0.0012706961715593934,0.0974133312702179,0.025357970967888832,0.03275487199425697,0.00792847853153944,0.13178026769846113,0.0,0.09448499232530594,0.0015290292212739587,1956.0,-0.7534412145614624,-0.38442057371139526,-0.9605441689491272,12.0,1.0,4.972887996506845,49.904474243317885,0.025119760083135878,0.9230768520710114,0.6666666666666667,0
S059,0.0009911920642480254,0.0015100709861144423,0.04615996032953262,0.000939076067879796,0.0009230641881003976,0.07474680989980698,0.01622040756046772,0.025192899629473686,0.0065840487368404865,0.19721553679798248,0.0,0.07398481667041779,0.001112932339310646,3606.0,-0.6763111352920532,-0.29506051540374756,-0.9554377198219299,3.0,2.0,4.2641768286579085,57.26453339492093,0.0047814682725496015,0.599999880000024,1.0,0
S060,0.0022577443160116673,0.0025352276861667633,0.08073814958333969,0.0024378173984587193,0.0033491156063973904,0.08958691358566284,0.028510376811027527,0.030238982290029526,0.00911188218742609,0.10307196843200252,0.0,0.0955970361828804,0.0019970203284174204,232.0,-0.7944892048835754,-0.4378546476364136,-0.9610722661018372,82.0,0.0,6.427077306921176,0.0,0.06342720569086688,0.9999999878048782,0.8292682926829268,1
