name,condition,accuracy,recall,specificity,precision,kappa,auc,accuracy_sd,recall_sd,specificity_sd,precision_sd,kappa_sd,auc_sd,threshold_mean,fn_total,fp_total,passes,d_kappa,sd_of_diff,se_of_diff,t,folds_better,folds_worse,d_accuracy
1d ratio/brightness +ref sel10,as-measured,0.81,0.8971428571428572,0.6880000000000002,0.8171212121212121,0.5947072351806697,0.8834285714285715,0.09477067838462211,0.09689042833036098,0.22420228961066985,0.11041390384065304,0.21257026910898444,0.12231330351882039,0.5,18.0,39.0,accuracy✓ recall✓ kappa✗,,,,,,,
7e intensity-free + contrast,as-measured,0.8033333333333332,0.8628571428571429,0.72,0.8337243867243868,0.5858454970805416,0.8668571428571429,0.10452715401237099,0.13350329303691608,0.24494897427831783,0.12232373723580564,0.22950453968755635,0.11943176117863831,0.5,24.0,35.0,accuracy✓ recall✓ kappa✗,,,,,,,
4a quantile(in-fold) RF sel10,as-measured,0.8033333333333332,0.88,0.696,0.8166926406926407,0.5857599940832737,0.8994285714285715,0.10452715401237099,0.14093951035189278,0.20912516188477495,0.10996122344523762,0.22274561102824386,0.1189151644094672,0.5,21.0,38.0,accuracy✓ recall✓ kappa✗,,,,,,,
7b ratio+log sel10,as-measured,0.8033333333333335,0.8857142857142857,0.6880000000000002,0.8153910533910533,0.5822227686667915,0.8874285714285715,0.08633483482177806,0.10101525445522108,0.2166410241236256,0.10747175359173321,0.1941561406718226,0.11695687908210382,0.5,20.0,39.0,accuracy✓ recall✓ kappa✗,,,,,,,
1a ratio/brightness sel10,as-measured,0.8033333333333335,0.8857142857142857,0.6880000000000002,0.8153910533910533,0.5822227686667915,0.8874285714285715,0.08633483482177806,0.10101525445522108,0.2166410241236256,0.10747175359173321,0.1941561406718226,0.11695687908210382,0.5,20.0,39.0,accuracy✓ recall✓ kappa✗,,,,,,,
1c ratio/mean_B sel10,as-measured,0.8,0.8742857142857143,0.6960000000000001,0.8165180375180375,0.5775113528965522,0.8868571428571428,0.09622504486493763,0.11895234282663615,0.21694853460363975,0.10900539784261691,0.21068640966820945,0.12629734917314483,0.5,22.0,38.0,accuracy✓ recall✓ kappa✗,,,,,,,
0c baseline LR sel10,as-measured,0.7933333333333333,0.8457142857142856,0.7200000000000002,0.8310476190476191,0.5672627259361006,0.854857142857143,0.1156703489647612,0.14238015607358145,0.2449489742783178,0.13147025025753878,0.2505067141313406,0.11544648611570033,0.5,27.0,35.0,accuracy✗ recall✓ kappa✗,,,,,,,
5b intensity-free sel10,as-measured,0.7933333333333334,0.8914285714285713,0.6560000000000001,0.7900721500721501,0.5615789447743907,0.9011428571428571,0.12294608875739292,0.13222327025633163,0.19595917942265426,0.10190477601652632,0.2651165792068824,0.11561135927995063,0.5,19.0,43.0,accuracy✗ recall✓ kappa✗,,,,,,,
0  baseline RF sel10,as-measured,0.7933333333333333,0.8857142857142858,0.664,0.8055598845598846,0.5598098228124194,0.8982857142857144,0.1024017143953709,0.13041013273932528,0.2360790827950103,0.11346907771991549,0.22829928909169256,0.12339582899046832,0.5,20.0,42.0,accuracy✗ recall✓ kappa✗,,,,,,,
2a log counts sel10,as-measured,0.79,0.88,0.664,0.8038196248196249,0.5540774119595152,0.9011428571428571,0.1024017143953709,0.13477115902938006,0.22891046284519195,0.11287167329775047,0.2256502540105504,0.11866032238639647,0.5,21.0,42.0,accuracy✗ recall✓ kappa✗,,,,,,,
0d sel10 + brightness_mean,as-measured,0.7866666666666667,0.88,0.6560000000000001,0.801972582972583,0.5462208746089202,0.8817142857142857,0.10779782173295697,0.14684898995342166,0.24166091947189144,0.11658122987344836,0.2365697245626287,0.12787642844707917,0.5,21.0,43.0,accuracy✗ recall✓ kappa✗,,,,,,,
2c log counts sel10 LR,as-measured,0.7833333333333333,0.8342857142857143,0.7120000000000002,0.8300663780663782,0.5446407750712655,0.8628571428571429,0.12028130608117203,0.14684898995342166,0.277368587502863,0.13658147340377091,0.2694555340058529,0.10562415720389924,0.5,29.0,36.0,accuracy✗ recall✓ kappa✗,,,,,,,
3b rowz colour all24,as-measured,0.78,0.8628571428571429,0.664,0.7947936507936508,0.5389982224982224,0.888,0.10725963653504346,0.1674132936309233,0.18903262505010432,0.10584533760032871,0.2186048197475818,0.07950527300358232,0.5,24.0,42.0,accuracy✗ recall✓ kappa✗,,,,,,,
7a ratio+log all24,as-measured,0.78,0.8685714285714284,0.6560000000000001,0.7931370851370851,0.5344411631498918,0.8622857142857144,0.10725963653504346,0.12988744473319863,0.2122891110412088,0.11261146403320837,0.23179094430421393,0.1300104653035108,0.5,23.0,43.0,accuracy✗ recall✓ kappa✗,,,,,,,
7f sel10 + contrast,as-measured,0.7766666666666667,0.84,0.6880000000000002,0.8136132756132757,0.5324590237792075,0.8782857142857142,0.09537935951882998,0.15605685341118036,0.2315167380558045,0.11973282095312253,0.2066155979353609,0.11686959998802318,0.5,28.0,39.0,accuracy✗ recall✓ kappa✗,,,,,,,
1b ratio/brightness all24,as-measured,0.7766666666666667,0.8628571428571428,0.6560000000000001,0.7917085137085138,0.5281890623095556,0.8617142857142858,0.10950224080237235,0.13350329303691605,0.2122891110412088,0.11340523101612844,0.23566068569913098,0.1268884560238198,0.5,24.0,43.0,accuracy✗ recall✓ kappa✗,,,,,,,
2b log counts all24,as-measured,0.7633333333333333,0.88,0.6000000000000001,0.7716608946608946,0.49424167197362046,0.8354285714285714,0.09824855102126331,0.14093951035189278,0.21602468994692867,0.11203712984138732,0.21390789660426046,0.1413082701432735,0.5,21.0,50.0,accuracy✗ recall✓ kappa✗,,,,,,,
0b baseline RF all24,as-measured,0.7633333333333333,0.88,0.6000000000000001,0.7716608946608946,0.49424167197362046,0.8360000000000001,0.09824855102126331,0.14093951035189278,0.21602468994692867,0.11203712984138732,0.21390789660426046,0.14166886752992305,0.5,21.0,50.0,accuracy✗ recall✓ kappa✗,,,,,,,
3a rowz colour sel10,as-measured,0.76,0.84,0.6480000000000001,0.78789898989899,0.4934063233766619,0.9011428571428571,0.11616957592403603,0.138750497946033,0.24000000000000002,0.12573792840252626,0.2514789889833829,0.10075564837899714,0.5,28.0,44.0,accuracy✗ recall✓ kappa✗,,,,,,,
4b quantile(in-fold) LR sel10,as-measured,0.7433333333333334,0.7885714285714286,0.68,0.7976132756132757,0.46830417372033273,0.752,0.12247448713915891,0.1755457961063501,0.24494897427831783,0.13213703272963218,0.25893346709840614,0.1430284686946723,0.5,37.0,40.0,accuracy✗ recall✗ kappa✗,,,,,,,
7d intensity-free + log,as-measured,0.7533333333333334,0.8857142857142858,0.5680000000000001,0.7554155844155843,0.46746443307449,0.8674285714285714,0.13709958532503405,0.14285714285714288,0.25612496949731395,0.12547294210438956,0.30195887434421964,0.12478007864723795,0.5,20.0,54.0,accuracy✗ recall✓ kappa✗,,,,,,,
1e ratio/brightness sel10 LR,as-measured,0.74,0.7885714285714285,0.6720000000000002,0.780015873015873,0.46372713420236644,0.8628571428571428,0.13025971208548173,0.18952141659173713,0.21509687739868905,0.11646931757263826,0.2645882938791129,0.11866605518454393,0.5,37.0,41.0,accuracy✗ recall✗ kappa✗,,,,,,,
5a intensity-free all,as-measured,0.75,0.88,0.5680000000000001,0.7547012987012987,0.4608089708896161,0.8697142857142858,0.13393959390267993,0.14093951035189278,0.25612496949731395,0.12481290519409738,0.29554949805197017,0.1261221737883091,0.5,21.0,54.0,accuracy✗ recall✓ kappa✗,,,,,,,
6a PCA(in-fold) all24,as-measured,0.7366666666666667,0.84,0.592,0.7562409812409814,0.43913087950564234,0.7880000000000001,0.10397204040118278,0.138750497946033,0.24138489320308898,0.09801168386713899,0.2361789639722568,0.12020956757286178,0.5,28.0,51.0,accuracy✗ recall✓ kappa✗,,,,,,,
7c ratio+log+quantile sel10 LR,as-measured,0.73,0.7885714285714285,0.648,0.7718297258297259,0.4383605986898207,0.7851428571428571,0.12332207155790618,0.16557465381632105,0.232952069462082,0.11866349131459202,0.2591653731163907,0.13975683449876666,0.5,37.0,44.0,accuracy✗ recall✗ kappa✗,,,,,,,
6b PCA(in-fold) drop PC1 all24,as-measured,0.7266666666666667,0.8342857142857143,0.5760000000000001,0.744939393939394,0.41851469150710136,0.7885714285714286,0.11159616348111481,0.13477115902938006,0.2259793500890439,0.103438457364475,0.24619548482357528,0.12142857142857144,0.5,29.0,53.0,accuracy✗ recall✓ kappa✗,,,,,,,
6d PCA(in-fold) sel10,as-measured,0.7199999999999999,0.7828571428571428,0.632,0.7737243867243868,0.41768810995256617,0.8377142857142857,0.11252571722516164,0.19829202679673347,0.24953289696283867,0.12969705599125292,0.2340170535153636,0.10987624454651815,0.5,38.0,46.0,accuracy✗ recall✗ kappa✗,,,,,,,
5c intensity-ONLY (diagnostic),as-measured,0.72,0.8114285714285714,0.5920000000000001,0.7513333333333334,0.4115541478714853,0.7845714285714286,0.10172129679778087,0.16862791628215024,0.21197484127446195,0.10842219982456554,0.21527774658882143,0.13850022716649268,0.5,33.0,51.0,accuracy✗ recall✓ kappa✗,,,,,,,
4c quantile(in-fold) LR all24,as-measured,0.7099999999999999,0.7828571428571428,0.608,0.748067821067821,0.3958840802148502,0.7142857142857143,0.148526715392165,0.19395630337539338,0.241384893203089,0.1333262608379548,0.3078422962389351,0.16680266560130472,0.5,38.0,49.0,accuracy✗ recall✗ kappa✗,,,,,,,
6c PCA(in-fold) on ratio all24,as-measured,0.7166666666666666,0.8514285714285714,0.528,0.7292265512265513,0.3913451133802177,0.7817142857142858,0.1295469312929002,0.15692625765032459,0.24413111231467405,0.12088560169729573,0.2791835786886638,0.15733321803293365,0.5,26.0,59.0,accuracy✗ recall✓ kappa✗,,,,,,,
1d ratio/brightness +ref sel10,exposure+-15%,0.8111111111111112,0.8876190476190478,0.7040000000000002,0.8269148629148629,0.5988373985352913,0.8824761904761904,0.09390211507910047,0.10953243696597513,0.2312850539805266,0.11564839981829535,0.21013454062408174,0.12137057339417882,0.5,,,,,,,,,,
7e intensity-free + contrast,exposure+-15%,0.8033333333333332,0.8628571428571429,0.7200000000000001,0.8337243867243868,0.5858454970805416,0.8668571428571429,0.10452715401237099,0.13350329303691608,0.24494897427831783,0.12232373723580564,0.22950453968755635,0.11943176117863831,0.5,,,,,,,,,,
7b ratio+log sel10,exposure+-15%,0.8033333333333333,0.8857142857142857,0.6880000000000002,0.8153910533910533,0.5822227686667915,0.8874285714285715,0.08633483482177806,0.10101525445522108,0.2166410241236256,0.10747175359173321,0.1941561406718226,0.11695687908210382,0.5,,,,,,,,,,
1a ratio/brightness sel10,exposure+-15%,0.8033333333333333,0.8857142857142857,0.6880000000000002,0.8153910533910533,0.5822227686667915,0.8874285714285715,0.08633483482177806,0.10101525445522108,0.2166410241236256,0.10747175359173321,0.1941561406718226,0.11695687908210382,0.5,,,,,,,,,,
1c ratio/mean_B sel10,exposure+-15%,0.8000000000000002,0.8742857142857142,0.6960000000000001,0.8165180375180375,0.5775113528965522,0.8868571428571427,0.09622504486493762,0.11895234282663615,0.21694853460363975,0.10900539784261691,0.21068640966820942,0.12629734917314483,0.5,,,,,,,,,,
4a quantile(in-fold) RF sel10,exposure+-15%,0.7944444444444446,0.8723809523809525,0.6853333333333333,0.8136060606060607,0.5663022391078917,0.8988571428571429,0.10556345142952406,0.14918780346359578,0.228001055617334,0.11508316832160102,0.2266382559006163,0.10960302489155245,0.5,,,,,,,,,,
0c baseline LR sel10,exposure+-15%,0.7911111111111112,0.8495238095238095,0.7093333333333335,0.8247489177489178,0.5618126084479326,0.8560000000000002,0.1247951585308852,0.15215812703322526,0.24953757357191075,0.1308378585694743,0.2693193264486726,0.11175825219222713,0.5,,,,,,,,,,
5b intensity-free sel10,exposure+-15%,0.7933333333333334,0.8914285714285713,0.6560000000000001,0.7900721500721501,0.5615789447743907,0.9011428571428571,0.12294608875739292,0.13222327025633163,0.19595917942265426,0.10190477601652632,0.2651165792068824,0.11561135927995063,0.5,,,,,,,,,,
7f sel10 + contrast,exposure+-15%,0.79,0.8438095238095237,0.7146666666666667,0.8282693602693604,0.561292352946902,0.8801904761904762,0.10028011344858412,0.1525999928797658,0.23359741243448714,0.11952134211037992,0.21756663028817533,0.11303210642044459,0.5,,,,,,,,,,
0  baseline RF sel10,exposure+-15%,0.7922222222222223,0.8761904761904763,0.6746666666666669,0.8117364117364118,0.5593516442758927,0.8963809523809524,0.10817619811441903,0.14517228464094464,0.24400075050872583,0.1222201561679106,0.23688830427925003,0.11241481547218868,0.5,,,,,,,,,,
3b rowz colour all24,exposure+-15%,0.7866666666666667,0.8685714285714287,0.6720000000000002,0.8011428571428572,0.5519141778042708,0.8876190476190476,0.10493197087104816,0.1552644773959117,0.1960303286109302,0.11104403619450116,0.21670717772162687,0.08493374204581972,0.5,,,,,,,,,,
2a log counts sel10,exposure+-15%,0.7877777777777778,0.8761904761904763,0.6640000000000001,0.8070485810485811,0.5489364418312785,0.8963809523809525,0.1097892179167826,0.14517228464094464,0.24915113599979688,0.12465946364996121,0.2409919532815957,0.11207601358208663,0.5,,,,,,,,,,
2c log counts sel10 LR,exposure+-15%,0.7866666666666666,0.8590476190476192,0.6853333333333335,0.8177542087542088,0.5483087595147916,0.8620952380952381,0.12377824938215921,0.15327339023120337,0.27216419306084977,0.13162642019089155,0.2757022445882363,0.10788446995862294,0.5,,,,,,,,,,
0d sel10 + brightness_mean,exposure+-15%,0.7866666666666667,0.8723809523809525,0.6666666666666666,0.8081366041366042,0.5475386299158397,0.8881904761904761,0.10620273990555723,0.15105910686558546,0.2473578445978202,0.12263821970905142,0.231910184975858,0.11949719730439283,0.5,,,,,,,,,,
3a rowz colour sel10,exposure+-15%,0.7833333333333333,0.8571428571428572,0.6800000000000002,0.8058936988936988,0.5426930444791725,0.9102857142857143,0.10986538401702563,0.12109620137420524,0.2281072586460068,0.11969004121321762,0.23941418265914505,0.09593053444748108,0.5,,,,,,,,,,
7a ratio+log all24,exposure+-15%,0.7799999999999999,0.8685714285714284,0.6560000000000001,0.7931370851370851,0.5344411631498918,0.8622857142857144,0.10725963653504346,0.12988744473319863,0.21228911104120876,0.11261146403320837,0.23179094430421396,0.1300104653035108,0.5,,,,,,,,,,
1b ratio/brightness all24,exposure+-15%,0.7766666666666667,0.8628571428571427,0.6560000000000001,0.7917085137085138,0.5281890623095556,0.8617142857142858,0.10950224080237235,0.13350329303691605,0.21228911104120876,0.11340523101612844,0.23566068569913098,0.1268884560238198,0.5,,,,,,,,,,
0b baseline RF all24,exposure+-15%,0.7555555555555555,0.8628571428571429,0.6053333333333334,0.7734454064454065,0.47952554647611073,0.8342857142857142,0.10642135422714082,0.15362890223667516,0.23441066068615524,0.12028911709103314,0.2312582287387438,0.1420246867890812,0.5,,,,,,,,,,
2b log counts all24,exposure+-15%,0.7555555555555555,0.8647619047619047,0.6026666666666668,0.772016835016835,0.47892749024957154,0.8342857142857142,0.10555661130379734,0.1495174971342549,0.232949766079521,0.11971061857233582,0.23002351995350956,0.14179050066392773,0.5,,,,,,,,,,
7d intensity-free + log,exposure+-15%,0.7533333333333334,0.8857142857142858,0.5680000000000001,0.7554155844155842,0.46746443307449,0.8674285714285714,0.13709958532503405,0.14285714285714288,0.25612496949731395,0.12547294210438956,0.30195887434421964,0.12478007864723795,0.5,,,,,,,,,,
1e ratio/brightness sel10 LR,exposure+-15%,0.7399999999999999,0.7885714285714286,0.6720000000000002,0.780015873015873,0.4637271342023664,0.8628571428571427,0.13025971208548173,0.18952141659173713,0.21509687739868907,0.11646931757263827,0.2645882938791129,0.11866605518454393,0.5,,,,,,,,,,
5a intensity-free all,exposure+-15%,0.75,0.88,0.5680000000000001,0.7547012987012987,0.4608089708896161,0.8697142857142858,0.13393959390267993,0.14093951035189278,0.25612496949731395,0.12481290519409738,0.29554949805197017,0.1261221737883091,0.5,,,,,,,,,,
6d PCA(in-fold) sel10,exposure+-15%,0.7399999999999999,0.7961904761904762,0.6613333333333334,0.7843843193843195,0.46073963845575755,0.8430476190476192,0.11094521704416867,0.16909413621954164,0.21460660864930092,0.119647072892017,0.23039973936950586,0.12183638447100169,0.5,,,,,,,,,,
4b quantile(in-fold) LR sel10,exposure+-15%,0.7399999999999999,0.7923809523809524,0.6666666666666666,0.788069745069745,0.460225346378697,0.7546666666666666,0.11842792408992824,0.17248593185061467,0.23857061758414708,0.12577997492500814,0.2483998446902884,0.1394436506753295,0.5,,,,,,,,,,
6b PCA(in-fold) drop PC1 all24,exposure+-15%,0.7355555555555556,0.8304761904761904,0.6026666666666668,0.7586503126503126,0.4406603766941828,0.8017142857142859,0.11000625805715257,0.15545823991440508,0.2319711853328654,0.10726331810712014,0.2378568885011247,0.11638569440405903,0.5,,,,,,,,,,
6a PCA(in-fold) all24,exposure+-15%,0.7366666666666667,0.8476190476190476,0.5813333333333334,0.7522116402116402,0.4384485870038153,0.8053333333333335,0.10697354575159986,0.14455344777811582,0.23366722834347597,0.1030568153186952,0.23604319528299675,0.11965016965186213,0.5,,,,,,,,,,
7c ratio+log+quantile sel10 LR,exposure+-15%,0.73,0.7885714285714286,0.648,0.7718297258297259,0.4383605986898207,0.7851428571428571,0.12332207155790618,0.16557465381632105,0.232952069462082,0.11866349131459202,0.2591653731163907,0.13975683449876666,0.5,,,,,,,,,,
4c quantile(in-fold) LR all24,exposure+-15%,0.721111111111111,0.7752380952380952,0.6453333333333334,0.7694401154401155,0.4216783953704457,0.7268571428571429,0.13330847411980026,0.17965128887824525,0.24281892549357412,0.1356157044250267,0.2770714782468173,0.15942648506385423,0.5,,,,,,,,,,
5c intensity-ONLY (diagnostic),exposure+-15%,0.7177777777777777,0.7885714285714286,0.6186666666666667,0.7548518518518518,0.41396446412855087,0.7799999999999999,0.12619690347951798,0.18762567244836748,0.20556089577391382,0.12076181466825979,0.25761534347638426,0.13591330096455875,0.5,,,,,,,,,,
6c PCA(in-fold) on ratio all24,exposure+-15%,0.7166666666666665,0.8514285714285714,0.528,0.7292265512265513,0.3913451133802177,0.7817142857142857,0.1295469312929002,0.15692625765032459,0.24413111231467402,0.12088560169729573,0.2791835786886638,0.15733321803293365,0.5,,,,,,,,,,
1d ratio/brightness +ref sel10,paired-diff-vs-baseline (kappa),,,,,,,,,,,,,,,,,0.03489741236825029,0.15783934273180383,0.03156786854636077,1.1054725572301383,13.0,5.0,
7e intensity-free + contrast,paired-diff-vs-baseline (kappa),,,,,,,,,,,,,,,,,0.026035674268122096,0.16490596587296155,0.03298119317459231,0.7894097139026242,10.0,5.0,
4a quantile(in-fold) RF sel10,paired-diff-vs-baseline (kappa),,,,,,,,,,,,,,,,,0.025950171270854375,0.11437844191470156,0.022875688382940313,1.1343995789961396,5.0,2.0,
7b ratio+log sel10,paired-diff-vs-baseline (kappa),,,,,,,,,,,,,,,,,0.022412945854372004,0.18843537107663402,0.037687074215326806,0.5947117498778128,10.0,7.0,
1a ratio/brightness sel10,paired-diff-vs-baseline (kappa),,,,,,,,,,,,,,,,,0.022412945854372004,0.18843537107663402,0.037687074215326806,0.5947117498778128,10.0,7.0,
1c ratio/mean_B sel10,paired-diff-vs-baseline (kappa),,,,,,,,,,,,,,,,,0.0177015300841327,0.18856851542250963,0.03771370308450193,0.4693660032394689,11.0,6.0,
0c baseline LR sel10,paired-diff-vs-baseline (kappa),,,,,,,,,,,,,,,,,0.007452903123681129,0.18670406999837472,0.03734081399967494,0.19959134055690397,8.0,8.0,
5b intensity-free sel10,paired-diff-vs-baseline (kappa),,,,,,,,,,,,,,,,,0.001769121961971245,0.21115586259352268,0.042231172518704535,0.041891376830413274,8.0,12.0,
0  baseline RF sel10,paired-diff-vs-baseline (kappa),,,,,,,,,,,,,,,,,0.0,0.0,0.0,0.0,0.0,0.0,
2a log counts sel10,paired-diff-vs-baseline (kappa),,,,,,,,,,,,,,,,,-0.005732410852904204,0.0670309266722448,0.01340618533444896,-0.4275944804503052,1.0,2.0,
0d sel10 + brightness_mean,paired-diff-vs-baseline (kappa),,,,,,,,,,,,,,,,,-0.013588948203499287,0.09833124030226224,0.01966624806045245,-0.6909781754876662,2.0,3.0,
2c log counts sel10 LR,paired-diff-vs-baseline (kappa),,,,,,,,,,,,,,,,,-0.015169047741154004,0.1917838700559583,0.038356774011191655,-0.39547245909491796,7.0,10.0,
3b rowz colour all24,paired-diff-vs-baseline (kappa),,,,,,,,,,,,,,,,,-0.020811600314196935,0.1990737334325936,0.03981474668651872,-0.5227108558056893,9.0,10.0,
7a ratio+log all24,paired-diff-vs-baseline (kappa),,,,,,,,,,,,,,,,,-0.02536865966252764,0.16559770381856878,0.033119540763713755,-0.7659725671776798,6.0,9.0,
7f sel10 + contrast,paired-diff-vs-baseline (kappa),,,,,,,,,,,,,,,,,-0.027350799033211887,0.15520670313177895,0.03104134062635579,-0.8811088207314592,6.0,8.0,
1b ratio/brightness all24,paired-diff-vs-baseline (kappa),,,,,,,,,,,,,,,,,-0.03162076050286377,0.16753920887741758,0.033507841775483514,-0.9436823987273195,6.0,10.0,
2b log counts all24,paired-diff-vs-baseline (kappa),,,,,,,,,,,,,,,,,-0.06556815083879897,0.12853765085925511,0.025707530171851022,-2.550542599794131,2.0,12.0,
0b baseline RF all24,paired-diff-vs-baseline (kappa),,,,,,,,,,,,,,,,,-0.06556815083879897,0.12853765085925511,0.025707530171851022,-2.550542599794131,2.0,12.0,
3a rowz colour sel10,paired-diff-vs-baseline (kappa),,,,,,,,,,,,,,,,,-0.06640349943575749,0.18474482607858944,0.03694896521571789,-1.797168041055445,6.0,12.0,
4b quantile(in-fold) LR sel10,paired-diff-vs-baseline (kappa),,,,,,,,,,,,,,,,,-0.09150564909208672,0.21304864883097088,0.042609729766194177,-2.147529439735751,5.0,17.0,
7d intensity-free + log,paired-diff-vs-baseline (kappa),,,,,,,,,,,,,,,,,-0.09234538973792943,0.21583020607202846,0.04316604121440569,-2.1393064348720316,4.0,15.0,
1e ratio/brightness sel10 LR,paired-diff-vs-baseline (kappa),,,,,,,,,,,,,,,,,-0.09608268861005304,0.18645640910296366,0.03729128182059273,-2.5765456138596696,4.0,12.0,
5a intensity-free all,paired-diff-vs-baseline (kappa),,,,,,,,,,,,,,,,,-0.09900085192280336,0.20475284123575035,0.04095056824715007,-2.4175696738883046,4.0,15.0,
6a PCA(in-fold) all24,paired-diff-vs-baseline (kappa),,,,,,,,,,,,,,,,,-0.12067894330677711,0.2067252132016908,0.041345042640338156,-2.9188249811849776,5.0,16.0,
7c ratio+log+quantile sel10 LR,paired-diff-vs-baseline (kappa),,,,,,,,,,,,,,,,,-0.12144922412259876,0.16812086041369448,0.03362417208273889,-3.6119617703522646,4.0,17.0,
6b PCA(in-fold) drop PC1 all24,paired-diff-vs-baseline (kappa),,,,,,,,,,,,,,,,,-0.14129513130531807,0.2163669259559844,0.043273385191196875,-3.2651739789024363,5.0,18.0,
6d PCA(in-fold) sel10,paired-diff-vs-baseline (kappa),,,,,,,,,,,,,,,,,-0.14212171285985328,0.2330799206842513,0.04661598413685026,-3.0487764120269873,5.0,16.0,
5c intensity-ONLY (diagnostic),paired-diff-vs-baseline (kappa),,,,,,,,,,,,,,,,,-0.14825567494093408,0.16028100941104237,0.03205620188220847,-4.624867146947235,4.0,17.0,
4c quantile(in-fold) LR all24,paired-diff-vs-baseline (kappa),,,,,,,,,,,,,,,,,-0.1639257425975692,0.2340125597911454,0.046802511958229084,-3.502498813394285,3.0,17.0,
6c PCA(in-fold) on ratio all24,paired-diff-vs-baseline (kappa),,,,,,,,,,,,,,,,,-0.16846470943220168,0.24799817759359788,0.04959963551871958,-3.396490874789207,3.0,14.0,
1d ratio/brightness +ref sel10,paired-diff-vs-baseline (accuracy),,,,,,,,,,,,,,,,,,0.07607257743127308,0.015214515486254614,1.0954451150103326,10.0,5.0,0.016666666666666673
1a ratio/brightness sel10,paired-diff-vs-baseline (accuracy),,,,,,,,,,,,,,,,,,0.08779711460710617,0.017559422921421233,0.5694947974514999,7.0,6.0,0.010000000000000009
7b ratio+log sel10,paired-diff-vs-baseline (accuracy),,,,,,,,,,,,,,,,,,0.08779711460710617,0.017559422921421233,0.5694947974514999,7.0,6.0,0.010000000000000009
4a quantile(in-fold) RF sel10,paired-diff-vs-baseline (accuracy),,,,,,,,,,,,,,,,,,0.05000000000000002,0.010000000000000004,0.9999999999999997,4.0,2.0,0.01
7e intensity-free + contrast,paired-diff-vs-baseline (accuracy),,,,,,,,,,,,,,,,,,0.08093779046851927,0.016187558093703855,0.617758400749122,9.0,5.0,0.01
1c ratio/mean_B sel10,paired-diff-vs-baseline (accuracy),,,,,,,,,,,,,,,,,,0.08975274678557507,0.017950549357115014,0.3713906763541039,8.0,6.0,0.00666666666666667
5b intensity-free sel10,paired-diff-vs-baseline (accuracy),,,,,,,,,,,,,,,,,,0.09918650595198401,0.019837301190396804,2.2386573939052015e-16,7.0,7.0,4.440892098500626e-18
0c baseline LR sel10,paired-diff-vs-baseline (accuracy),,,,,,,,,,,,,,,,,,0.08673608331108887,0.017347216662217772,2.560002670729816e-16,5.0,7.0,4.440892098500626e-18
0  baseline RF sel10,paired-diff-vs-baseline (accuracy),,,,,,,,,,,,,,,,,,0.0,0.0,0.0,0.0,0.0,0.0
2a log counts sel10,paired-diff-vs-baseline (accuracy),,,,,,,,,,,,,,,,,,0.0292657048690354,0.00585314097380708,-0.5694947974514994,1.0,2.0,-0.003333333333333335
0d sel10 + brightness_mean,paired-diff-vs-baseline (accuracy),,,,,,,,,,,,,,,,,,0.04762896722078404,0.009525793444156808,-0.6998542122237652,2.0,3.0,-0.00666666666666667
2c log counts sel10 LR,paired-diff-vs-baseline (accuracy),,,,,,,,,,,,,,,,,,0.08779711460710615,0.01755942292142123,-0.5694947974514992,4.0,9.0,-0.009999999999999995
3b rowz colour all24,paired-diff-vs-baseline (accuracy),,,,,,,,,,,,,,,,,,0.09525793444156803,0.019051586888313606,-0.6998542122237646,7.0,8.0,-0.013333333333333322
7a ratio+log all24,paired-diff-vs-baseline (accuracy),,,,,,,,,,,,,,,,,,0.08221471437193743,0.016442942874387488,-0.8108848540793826,3.0,7.0,-0.013333333333333322
1b ratio/brightness all24,paired-diff-vs-baseline (accuracy),,,,,,,,,,,,,,,,,,0.08333333333333331,0.016666666666666663,-0.9999999999999996,3.0,8.0,-0.016666666666666656
7f sel10 + contrast,paired-diff-vs-baseline (accuracy),,,,,,,,,,,,,,,,,,0.07216878364870323,0.014433756729740645,-1.154700538379251,5.0,8.0,-0.01666666666666666
2b log counts all24,paired-diff-vs-baseline (accuracy),,,,,,,,,,,,,,,,,,0.05833333333333334,0.011666666666666669,-2.5714285714285707,2.0,10.0,-0.029999999999999995
0b baseline RF all24,paired-diff-vs-baseline (accuracy),,,,,,,,,,,,,,,,,,0.05833333333333334,0.011666666666666669,-2.5714285714285707,2.0,10.0,-0.029999999999999995
3a rowz colour sel10,paired-diff-vs-baseline (accuracy),,,,,,,,,,,,,,,,,,0.08673608331108887,0.017347216662217772,-1.9215378456610464,6.0,12.0,-0.03333333333333335
7d intensity-free + log,paired-diff-vs-baseline (accuracy),,,,,,,,,,,,,,,,,,0.10240171439537088,0.020480342879074177,-1.953092301050783,4.0,12.0,-0.04
5a intensity-free all,paired-diff-vs-baseline (accuracy),,,,,,,,,,,,,,,,,,0.09658521472618727,0.019317042945237454,-2.2432695033178986,4.0,12.0,-0.04333333333333334
4b quantile(in-fold) LR sel10,paired-diff-vs-baseline (accuracy),,,,,,,,,,,,,,,,,,0.09918650595198404,0.019837301190396808,-2.5205041512504174,3.0,17.0,-0.05
1e ratio/brightness sel10 LR,paired-diff-vs-baseline (accuracy),,,,,,,,,,,,,,,,,,0.09279607271383371,0.018559214542766742,-2.873684832428398,3.0,12.0,-0.05333333333333334
6a PCA(in-fold) all24,paired-diff-vs-baseline (accuracy),,,,,,,,,,,,,,,,,,0.10126514518643435,0.02025302903728687,-2.7979353884468545,3.0,14.0,-0.056666666666666664
7c ratio+log+quantile sel10 LR,paired-diff-vs-baseline (accuracy),,,,,,,,,,,,,,,,,,0.08079466429027216,0.01615893285805443,-3.919400735783414,3.0,17.0,-0.06333333333333332
6b PCA(in-fold) drop PC1 all24,paired-diff-vs-baseline (accuracy),,,,,,,,,,,,,,,,,,0.10485881160098261,0.02097176232019652,-3.1788776569561064,3.0,15.0,-0.06666666666666667
5c intensity-ONLY (diagnostic),paired-diff-vs-baseline (accuracy),,,,,,,,,,,,,,,,,,0.07728015412913086,0.015456030825826172,-4.744642020951289,1.0,16.0,-0.07333333333333332
6d PCA(in-fold) sel10,paired-diff-vs-baseline (accuracy),,,,,,,,,,,,,,,,,,0.10573814617041268,0.021147629234082536,-3.4676857874520426,2.0,15.0,-0.07333333333333333
6c PCA(in-fold) on ratio all24,paired-diff-vs-baseline (accuracy),,,,,,,,,,,,,,,,,,0.1100294573352131,0.02200589146704262,-3.483915513329119,3.0,14.0,-0.07666666666666666
4c quantile(in-fold) LR all24,paired-diff-vs-baseline (accuracy),,,,,,,,,,,,,,,,,,0.1102396379610246,0.02204792759220492,-3.7796447300922718,3.0,17.0,-0.08333333333333331
