name,accuracy,recall,specificity,precision,kappa,auc,accuracy_sd,recall_sd,specificity_sd,precision_sd,kappa_sd,auc_sd,threshold_mean,fn_total,fp_total,passes,rows_key,n_rows,family,k,selection,delta_kappa_vs_baseline,delta_kappa_se,delta_accuracy_vs_baseline,delta_accuracy_se
L1 in-fold (C=0.5),0.8166666666666668,0.8742857142857143,0.7360000000000001,0.8358989898989898,0.6172527366348399,0.8834285714285716,0.11283386673105499,0.1505093393264677,0.20591260281974,0.11325825433851963,0.2362176691852307,0.11892946517610695,0.5,22,33,accuracy✓ recall✓ kappa✓,full,60,l1,,in-fold L1 logistic,0.05744291382242045,0.03098780932553189,0.02333333333333333,0.014043582955293931
"pinned10 fixed, drop S045+S011+S031",0.8142424242424242,0.901904761904762,0.6859999999999999,0.8119841269841269,0.6015940747147291,0.8669523809523811,0.08750792521719843,0.11466537466972387,0.2094238127179747,0.09580881958868263,0.19590902542310815,0.10472428978392885,0.5,16,37,accuracy✓ recall✓ kappa✗,no_s045_outliers,57,row-drop,10.0,fixed-pinned,,,,
"pinned10 fixed, drop S045 (bad framing)",0.7978787878787879,0.8666666666666667,0.7040000000000001,0.8068730158730159,0.5789275840630195,0.8803809523809524,0.11255206597095936,0.1302288815985868,0.17435595774162693,0.10929554802387079,0.23082576247260614,0.11076180922350493,0.5,23,37,accuracy✗ recall✓ kappa✗,no_s045,59,row-drop,10.0,fixed-pinned,,,,
whole-data top-12 (LEAKY),0.7966666666666665,0.8914285714285713,0.664,0.8054862914862915,0.5675176971645064,0.8971428571428572,0.11044941862261691,0.13850513878332368,0.22891046284519195,0.12136071793440599,0.23852865185462716,0.12233554836823933,0.5,19,42,accuracy✗ recall✓ kappa✗,full,60,k-sweep-leaky,12.0,ranked on all 60 heads,0.00770787435208689,0.027638523066147874,0.003333333333333337,0.012247448713915891
whole-data top-14 (LEAKY),0.7966666666666667,0.8914285714285713,0.6640000000000001,0.8057085137085137,0.5663218608835306,0.8822857142857142,0.11804738533819877,0.13222327025633163,0.24303634844744249,0.12793019958323149,0.2553208961597049,0.12924953453251098,0.5,19,42,accuracy✗ recall✓ kappa✗,full,60,k-sweep-leaky,14.0,ranked on all 60 heads,0.006512038071111293,0.02468468158630094,0.0033333333333333414,0.011262852740396274
whole-data top-15 (LEAKY),0.7966666666666667,0.8971428571428572,0.6560000000000001,0.8023751803751804,0.5662298183766276,0.8805714285714284,0.10507933510765409,0.13375782766845848,0.22744962812309308,0.11597116500479199,0.22902932377656662,0.1252806373516598,0.5,18,43,accuracy✗ recall✓ kappa✗,full,60,k-sweep-leaky,15.0,ranked on all 60 heads,0.006419995564208105,0.024604695573241193,0.0033333333333333414,0.011262852740396274
whole-data top-09 (LEAKY),0.7933333333333333,0.8628571428571429,0.6960000000000001,0.8147619047619047,0.566103426250485,0.8822857142857142,0.12527746981977425,0.1622545241657221,0.23180451534284946,0.11611652902114047,0.26909832138538703,0.13679270776601793,0.5,24,38,accuracy✗ recall✓ kappa✗,full,60,k-sweep-leaky,9.0,ranked on all 60 heads,0.006293603438065638,0.03155308965000091,-2.220446049250313e-18,0.014433756729740644
whole-data top-08 (LEAKY),0.7933333333333333,0.88,0.6720000000000002,0.8066984126984127,0.561975779122838,0.9011428571428571,0.12756625003561148,0.15800628593368626,0.24413111231467408,0.11994291433883197,0.27632004776414776,0.12302314366634849,0.5,21,41,accuracy✗ recall✓ kappa✗,full,60,k-sweep-leaky,8.0,ranked on all 60 heads,0.0021659563104185196,0.034406813551148094,-2.220446049250313e-18,0.015214515486254613
whole-data top-13 (LEAKY),0.7933333333333333,0.8914285714285713,0.6560000000000001,0.8014227994227994,0.5599441040909133,0.8822857142857142,0.10518942349311937,0.13850513878332368,0.22744962812309308,0.11559983055436306,0.22858621647638078,0.1224939259912993,0.5,19,43,accuracy✗ recall✓ kappa✗,full,60,k-sweep-leaky,13.0,ranked on all 60 heads,0.00013428127849381965,0.02378799680694555,6.661338147750939e-18,0.01075828707279838
"pinned10 fixed (BASELINE, leaky selection)",0.7933333333333333,0.8857142857142858,0.664,0.8055598845598846,0.5598098228124194,0.8982857142857144,0.1024017143953709,0.13041013273932528,0.2360790827950103,0.11346907771991549,0.22829928909169256,0.12339582899046832,0.5,20,42,accuracy✗ recall✓ kappa✗,full,60,reference,10.0,fixed-pinned,0.0,0.0,0.0,0.0
"all 24 features, drop S045+S011+S031",0.7957575757575758,0.92,0.624,0.7834126984126983,0.559048498815068,0.8193333333333332,0.11280164810463057,0.10122081711329141,0.23766222529744463,0.12466282104555956,0.2491110083627524,0.15259056763217674,0.5,13,45,accuracy✗ recall✓ kappa✗,no_s045_outliers,57,row-drop,24.0,none,,,,
whole-data top-11 (LEAKY),0.79,0.8742857142857144,0.672,0.8080101010101012,0.5559608345225044,0.8914285714285713,0.1181453906563152,0.1560568534111804,0.23720595832876262,0.12498106154863987,0.25206726561331916,0.1169336110267493,0.5,22,41,accuracy✗ recall✓ kappa✗,full,60,k-sweep-leaky,11.0,ranked on all 60 heads,-0.003848988289915072,0.025918759003333368,-0.003333333333333337,0.012247448713915893
whole-data top-10 (LEAKY),0.7899999999999998,0.88,0.664,0.804909090909091,0.5530898075335806,0.8885714285714286,0.10790513666419461,0.13477115902938006,0.24303634844744249,0.11702210820151641,0.23934571772721047,0.12316683006073871,0.5,21,42,accuracy✗ recall✓ kappa✗,full,60,k-sweep-leaky,10.0,ranked on all 60 heads,-0.006720015278838805,0.02580784990618956,-0.003333333333333339,0.01126285274039628
pinned10 + uv_exclusive_dot_frac,0.79,0.8857142857142858,0.6560000000000001,0.8025281385281385,0.5525310350367276,0.8885714285714286,0.11055415967851333,0.14285714285714285,0.24166091947189144,0.11772955369526862,0.2427729057986873,0.12750883656186557,0.5,20,43,accuracy✗ recall✓ kappa✗,full,60,uv,11.0,fixed-pinned + uv,-0.007278787775691802,0.01924063350632411,-0.003333333333333339,0.008975274678557509
whole-data top-07 (LEAKY),0.7866666666666667,0.8857142857142857,0.648,0.7942164502164504,0.5455286125871865,0.8805714285714287,0.12047360245667467,0.1367753011080483,0.232952069462082,0.1207343398581811,0.2602577345779234,0.1252806373516598,0.5,20,44,accuracy✗ recall✓ kappa✗,full,60,k-sweep-leaky,7.0,ranked on all 60 heads,-0.014281210225232982,0.03380876236536308,-0.006666666666666667,0.015153535218873176
"in-fold top-10, drop S045+S011+S031",0.7851515151515152,0.8819047619047619,0.648,0.7852857142857143,0.5431902761765283,0.8036190476190477,0.11938089581624522,0.13581867330430153,0.22289758485307404,0.12040146845218368,0.25273035391822124,0.15007260777347234,0.5,19,42,accuracy✗ recall✓ kappa✗,no_s045_outliers,57,row-drop,10.0,in-fold RF importance,,,,
RFE in-fold -> 12,0.7866666666666666,0.8914285714285713,0.64,0.7961587301587302,0.5430354772970872,0.8622857142857144,0.1130388330520878,0.12562767579307543,0.2449489742783178,0.12863151602317408,0.2489769310396754,0.13545589437055847,0.5,19,45,accuracy✗ recall✓ kappa✗,full,60,rfe,12.0,in-fold RFE,-0.016774345515332207,0.0259683174266646,-0.006666666666666661,0.011706281947614154
in-fold top-11 (RF importance),0.7833333333333333,0.8742857142857144,0.6560000000000001,0.8018989898989899,0.5393977707767781,0.8531428571428572,0.10485881160098263,0.138750497946033,0.24166091947189144,0.12218601443874717,0.23067859454272788,0.14407339399466806,0.5,22,43,accuracy✗ recall✓ kappa✗,full,60,k-sweep-infold,11.0,in-fold RF importance,-0.02041205203564135,0.02653594553688442,-0.010000000000000004,0.012095300587265132
whole-data top-19 (LEAKY),0.7833333333333333,0.8857142857142858,0.64,0.7943593073593074,0.5374017053132204,0.8571428571428572,0.10485881160098262,0.1367753011080483,0.23804761428476168,0.12166930901367379,0.22930384439590787,0.13677530110804834,0.5,20,45,accuracy✗ recall✓ kappa✗,full,60,k-sweep-leaky,19.0,ranked on all 60 heads,-0.02240811749919908,0.026063122197337578,-0.009999999999999995,0.012095300587265134
whole-data top-18 (LEAKY),0.7833333333333334,0.8914285714285713,0.632,0.7893593073593073,0.5370095484504753,0.8611428571428571,0.10485881160098263,0.13850513878332368,0.2286190426597633,0.11526634464371764,0.22878444773185286,0.13587208870771042,0.5,19,46,accuracy✗ recall✓ kappa✗,full,60,k-sweep-leaky,18.0,ranked on all 60 heads,-0.02280027436194418,0.024252726674622797,-0.009999999999999995,0.011097213530798988
whole-data top-06 (LEAKY),0.7799999999999998,0.8914285714285713,0.6240000000000001,0.78,0.5306871416871417,0.88,0.11252571722516164,0.13850513878332368,0.21071307505705478,0.11016068853755306,0.23940345684949396,0.11930923634635764,0.5,19,47,accuracy✗ recall✓ kappa✗,full,60,k-sweep-leaky,6.0,ranked on all 60 heads,-0.029122681125277727,0.03218631519145872,-0.013333333333333332,0.014969103983674981
L1 in-fold (C=1.0),0.7766666666666667,0.8628571428571429,0.6560000000000001,0.7927619047619048,0.5287322267585426,0.8691428571428571,0.1243501626977744,0.15692625765032459,0.22744962812309308,0.12139870210493983,0.2636241184898847,0.12126599761215326,0.5,24,43,accuracy✗ recall✓ kappa✗,full,60,l1,,in-fold L1 logistic,-0.031077596053876864,0.029848850873897066,-0.016666666666666663,0.013608276348795434
"in-fold top-12, no-uv pool",0.7766666666666666,0.8685714285714287,0.6480000000000001,0.7938037518037518,0.5265995662757872,0.8640000000000001,0.11960583412006101,0.15386185163241442,0.24000000000000002,0.12858572741856367,0.2553077841922135,0.1429832776483839,0.5,23,44,accuracy✗ recall✓ kappa✗,full,60,uv,12.0,"in-fold RF importance, uv excluded",-0.033210256536632225,0.02927325206352326,-0.01666666666666666,0.01360827634879543
"in-fold top-10, drop S045 (bad framing)",0.7748484848484847,0.8666666666666666,0.6480000000000001,0.7833333333333333,0.5230216679108937,0.8403809523809523,0.12818337033709337,0.116439688500962,0.22568414506414344,0.12108285632606268,0.27725824731335225,0.14089338104529042,0.5,23,44,accuracy✗ recall✓ kappa✗,no_s045,59,row-drop,10.0,in-fold RF importance,,,,
in-fold top-15 (RF importance),0.7733333333333333,0.88,0.6240000000000001,0.7825180375180375,0.518121096470692,0.8514285714285714,0.10352580640880124,0.1580062859336863,0.21847959477565249,0.11509597507771963,0.21793036430622548,0.14362886792243498,0.5,21,47,accuracy✗ recall✓ kappa✗,full,60,k-sweep-infold,15.0,in-fold RF importance,-0.04168872634172743,0.029194159025397508,-0.019999999999999997,0.012981468272831023
whole-data top-16 (LEAKY),0.7733333333333333,0.88,0.6240000000000001,0.7836450216450217,0.5177486747747408,0.8731428571428572,0.10897247358851683,0.1580062859336863,0.22597935008904388,0.11828025944346363,0.23234079282912964,0.1355462619021501,0.5,21,47,accuracy✗ recall✓ kappa✗,full,60,k-sweep-leaky,16.0,ranked on all 60 heads,-0.04206114803767853,0.023946194725482824,-0.01999999999999999,0.011055415967851331
in-fold top-19 (RF importance),0.7733333333333334,0.8742857142857143,0.6320000000000001,0.7857878787878788,0.5176716314654994,0.8565714285714284,0.13070322617798436,0.1505093393264677,0.24276188608044166,0.13539389760859255,0.2786843003300966,0.14078738734479787,0.5,22,46,accuracy✗ recall✓ kappa✗,full,60,k-sweep-infold,19.0,in-fold RF importance,-0.04213819134691999,0.03169288763700045,-0.02,0.014656562175858798
whole-data top-21 (LEAKY),0.7733333333333333,0.88,0.6240000000000001,0.7836450216450217,0.5163077404545495,0.86,0.1115961634811148,0.14093951035189278,0.233238075793812,0.12377872466569835,0.24113028564179967,0.13248026422136722,0.5,21,47,accuracy✗ recall✓ kappa✗,full,60,k-sweep-leaky,21.0,ranked on all 60 heads,-0.043502082357869815,0.02787189604182532,-0.019999999999999997,0.012981468272831023
whole-data top-17 (LEAKY),0.77,0.8742857142857143,0.6240000000000001,0.782984126984127,0.5107397169394073,0.8605714285714287,0.1056286296768419,0.1505093393264677,0.22597935008904388,0.1160167148212439,0.2290315399512019,0.14482454784967896,0.5,22,47,accuracy✗ recall✓ kappa✗,full,60,k-sweep-leaky,17.0,ranked on all 60 heads,-0.04907010587301206,0.024438228470328113,-0.02333333333333332,0.01130388330520878
in-fold top-13 (RF importance),0.77,0.8742857142857143,0.624,0.7814227994227995,0.510147312647063,0.86,0.10833333333333334,0.138750497946033,0.2259793500890439,0.11889319037271669,0.23371158665255087,0.12988744473319866,0.5,22,47,accuracy✗ recall✓ kappa✗,full,60,k-sweep-infold,13.0,in-fold RF importance,-0.049662510165356444,0.030827835746418918,-0.02333333333333333,0.014043582955293931
in-fold top-16 (RF importance),0.77,0.8742857142857144,0.624,0.7854545454545453,0.5098389472473663,0.8605714285714287,0.10833333333333334,0.1505093393264677,0.24027761721253466,0.12569797771812277,0.2340456895450521,0.14500058644028724,0.5,22,47,accuracy✗ recall✓ kappa✗,full,60,k-sweep-infold,16.0,in-fold RF importance,-0.04997087556505311,0.030698783152514193,-0.02333333333333333,0.014043582955293931
"all 24 features, drop S045 (bad framing)",0.7672727272727273,0.8657142857142857,0.632,0.7746450216450217,0.5084220266414635,0.8436190476190477,0.13135294656679153,0.16679133659218365,0.23579652245103191,0.13673725338948678,0.27157333992576144,0.1057352867742675,0.5,23,46,accuracy✗ recall✓ kappa✗,no_s045,59,row-drop,24.0,none,,,,
in-fold top-24 (RF importance),0.7666666666666666,0.8628571428571428,0.6320000000000001,0.7868989898989899,0.5058509667036583,0.8434285714285714,0.11283386673105501,0.16741329363092328,0.2357965224510319,0.12439030371188342,0.23969616958877646,0.14234909661154319,0.5,24,46,accuracy✗ recall✓ kappa✗,full,60,k-sweep-infold,24.0,in-fold RF importance,-0.05395885610876121,0.02880565666346957,-0.02666666666666666,0.013368010461684404
in-fold top-12 (RF importance),0.7666666666666667,0.8628571428571428,0.632,0.784041847041847,0.5050533477883923,0.8537142857142856,0.11785113019775792,0.15141060091032996,0.2357965224510319,0.12821320815824538,0.25100656819582695,0.14173847719785676,0.5,24,46,accuracy✗ recall✓ kappa✗,full,60,k-sweep-infold,12.0,in-fold RF importance,-0.05475647502402719,0.03241028106733926,-0.02666666666666666,0.014999999999999996
in-fold top-17 (RF importance),0.7666666666666667,0.8742857142857144,0.616,0.779978354978355,0.5038123876356674,0.8571428571428572,0.112833866731055,0.16659862556700858,0.2303620339089466,0.12025897258782339,0.23989701601945798,0.14214106244380287,0.5,22,48,accuracy✗ recall✓ kappa✗,full,60,k-sweep-infold,17.0,in-fold RF importance,-0.05599743517675205,0.02897146302953042,-0.026666666666666665,0.013368010461684407
RFE in-fold -> 15,0.7666666666666667,0.8685714285714287,0.624,0.7834069264069266,0.5033305438860218,0.8514285714285714,0.10485881160098263,0.14238015607358145,0.233238075793812,0.12240105372225836,0.2280971469243641,0.14754222271266354,0.5,23,47,accuracy✗ recall✓ kappa✗,full,60,rfe,15.0,in-fold RFE,-0.05647927892639765,0.02721739215301568,-0.026666666666666665,0.012472191289246471
in-fold top-14 (RF importance),0.7666666666666666,0.8742857142857143,0.616,0.7795396825396825,0.5032441732673931,0.854857142857143,0.12028130608117203,0.16141382149217423,0.23748684174075835,0.12895762471460637,0.2560724203504998,0.14031548515452477,0.5,22,48,accuracy✗ recall✓ kappa✗,full,60,k-sweep-infold,14.0,in-fold RF importance,-0.05656564954502631,0.03137352747446337,-0.02666666666666666,0.014207457613938244
all 23 features (no uv_exclusive_dot_frac),0.7666666666666666,0.8742857142857141,0.616,0.7787878787878788,0.5029227262134982,0.8537142857142858,0.11283386673105501,0.1505093393264677,0.2303620339089466,0.12187754864788777,0.24232403430940722,0.13101383839251537,0.5,22,48,accuracy✗ recall✓ kappa✗,full,60,uv,23.0,"none, uv removed",-0.056887096598921195,0.027400180411162368,-0.02666666666666666,0.012472191289246473
whole-data top-20 (LEAKY),0.7666666666666667,0.8742857142857143,0.616,0.7815396825396825,0.5012521946577675,0.8554285714285714,0.10206207261596575,0.13248026422136722,0.23748684174075835,0.11909479444471116,0.2271420535218231,0.13722963524368798,0.5,22,48,accuracy✗ recall✓ kappa✗,full,60,k-sweep-leaky,20.0,ranked on all 60 heads,-0.058557628154652,0.03111822070365163,-0.026666666666666665,0.014207457613938249
in-fold top-10 (RF importance),0.7633333333333333,0.8514285714285715,0.6400000000000001,0.7851212121212121,0.4995343765635387,0.8565714285714288,0.1195090264683275,0.15141060091032998,0.23804761428476168,0.12401086623851287,0.2571742357178321,0.13643168782279608,0.5,26,45,accuracy✗ recall✓ kappa✗,full,60,k-sweep-infold,10.0,in-fold RF importance,-0.06027544624888076,0.02621383705060636,-0.029999999999999995,0.012619796324000607
RFE in-fold -> 8,0.7633333333333333,0.8514285714285714,0.64,0.7887777777777778,0.49948205239381704,0.848,0.12190615698606494,0.15692625765032459,0.24494897427831783,0.13152814143910724,0.26130365254001325,0.14129382710589763,0.5,26,45,accuracy✗ recall✓ kappa✗,full,60,rfe,8.0,in-fold RFE,-0.06032777041860231,0.03848520139837199,-0.029999999999999995,0.01726696696435561
in-fold top-18 (RF importance),0.7633333333333333,0.8685714285714287,0.616,0.7788831168831168,0.4992674717672221,0.8605714285714285,0.11706281947614154,0.18862192686036533,0.22300971578236978,0.11859246855499253,0.2414999226111144,0.13236981796271763,0.5,23,48,accuracy✗ recall✓ kappa✗,full,60,k-sweep-infold,18.0,in-fold RF importance,-0.060542351045197326,0.026060393132538235,-0.029999999999999992,0.012619796324000607
RFE in-fold -> 10,0.7633333333333333,0.8628571428571429,0.6240000000000001,0.7796507936507937,0.4976481587332981,0.8577142857142858,0.1288302069478359,0.15692625765032459,0.24027761721253466,0.1364068912814967,0.27222372136234374,0.14951622668063935,0.5,24,47,accuracy✗ recall✓ kappa✗,full,60,rfe,10.0,in-fold RFE,-0.062161664079121354,0.03242712447522956,-0.029999999999999995,0.015122952876462445
L1 in-fold (C=0.05),0.7633333333333333,0.88,0.6000000000000001,0.7716608946608946,0.49424167197362046,0.8360000000000001,0.09824855102126331,0.14093951035189278,0.21602468994692867,0.11203712984138732,0.21390789660426046,0.14166886752992305,0.5,21,50,accuracy✗ recall✓ kappa✗,full,60,l1,,in-fold L1 logistic,-0.06556815083879897,0.025707530171851022,-0.029999999999999995,0.011666666666666669
all 24 features,0.7633333333333333,0.88,0.6000000000000001,0.7716608946608946,0.49424167197362046,0.8360000000000001,0.09824855102126331,0.14093951035189278,0.21602468994692867,0.11203712984138732,0.21390789660426046,0.14166886752992305,0.5,21,50,accuracy✗ recall✓ kappa✗,full,60,reference,24.0,none,-0.06556815083879897,0.025707530171851022,-0.029999999999999995,0.011666666666666669
in-fold top-21 (RF importance),0.7599999999999999,0.8571428571428571,0.6240000000000001,0.7781688311688312,0.49307683887070686,0.8508571428571428,0.1136515141415488,0.1700340102034012,0.21847959477565249,0.1180961137954193,0.2379588734722136,0.13727672038325975,0.5,25,47,accuracy✗ recall✓ kappa✗,full,60,k-sweep-infold,21.0,in-fold RF importance,-0.06673298394171258,0.02308647404935383,-0.03333333333333333,0.01075828707279838
in-fold top-20 (RF importance),0.76,0.8571428571428572,0.6240000000000001,0.7783174603174604,0.49238735388116195,0.8508571428571429,0.11616957592403601,0.1649572197684645,0.22597935008904388,0.12070353407622317,0.24632429137778936,0.14381110059053587,0.5,25,47,accuracy✗ recall✓ kappa✗,full,60,k-sweep-infold,20.0,in-fold RF importance,-0.06742246893125747,0.026883427717128282,-0.03333333333333332,0.012729376930432893
"in-fold top-10, no-uv pool",0.76,0.8571428571428572,0.6240000000000001,0.7814227994227996,0.4917669330902129,0.8560000000000001,0.11107638346184559,0.1649572197684645,0.233238075793812,0.12130249140354354,0.236657330238538,0.14667053179817408,0.5,25,47,accuracy✗ recall✓ kappa✗,full,60,uv,10.0,"in-fold RF importance, uv excluded",-0.0680428897222066,0.031293080103231424,-0.03333333333333333,0.014433756729740645
whole-data top-24 (LEAKY),0.76,0.8628571428571429,0.616,0.777994227994228,0.4909292707525505,0.8525714285714285,0.11107638346184559,0.1674132936309233,0.2303620339089466,0.12043715087762435,0.23545535598009115,0.13052223726924356,0.5,24,48,accuracy✗ recall✓ kappa✗,full,60,k-sweep-leaky,24.0,ranked on all 60 heads,-0.06888055205986893,0.029553429931199065,-0.03333333333333333,0.013608276348795436
in-fold top-09 (RF importance),0.7566666666666666,0.84,0.6400000000000001,0.789010101010101,0.48577692066211997,0.8451428571428572,0.11765454769192984,0.1614138214921742,0.2581988897471611,0.13117813314158644,0.25400290347661303,0.14484803202305646,0.5,28,45,accuracy✗ recall✓ kappa✗,full,60,k-sweep-infold,9.0,in-fold RF importance,-0.0740329021502995,0.034255240383238815,-0.03666666666666667,0.01601503922822175
whole-data top-23 (LEAKY),0.7566666666666667,0.8628571428571428,0.6080000000000001,0.771978354978355,0.482568639124117,0.8388571428571429,0.1224744871391589,0.15692625765032459,0.2343786110832926,0.12793117871140444,0.2608997427857126,0.14629901353236877,0.5,24,49,accuracy✗ recall✓ kappa✗,full,60,k-sweep-leaky,23.0,ranked on all 60 heads,-0.07724118368830242,0.02959101151784856,-0.03666666666666667,0.013676148472323523
whole-data top-22 (LEAKY),0.7533333333333333,0.8571428571428571,0.6080000000000001,0.7707085137085139,0.47772466163617666,0.842857142857143,0.11405813982026561,0.1700340102034012,0.2196967607104544,0.11960572688964097,0.2392181217366773,0.13267268300719082,0.5,25,49,accuracy✗ recall✓ kappa✗,full,60,k-sweep-leaky,22.0,ranked on all 60 heads,-0.08208516117624275,0.028285331390841238,-0.039999999999999994,0.012838022231434825
in-fold top-23 (RF importance),0.7533333333333333,0.8628571428571429,0.6,0.7678095238095238,0.47535863723479826,0.8502857142857144,0.10886621079036347,0.15692625765032459,0.22360679774997896,0.11757685615538699,0.2328713731838758,0.1386352332243015,0.5,24,50,accuracy✗ recall✓ kappa✗,full,60,k-sweep-infold,23.0,in-fold RF importance,-0.08445118557762119,0.025584807632082353,-0.039999999999999994,0.011902380714238084
"in-fold top-08, no-uv pool",0.7499999999999999,0.8342857142857143,0.632,0.781939393939394,0.4716463553972792,0.8451428571428572,0.1272937693043289,0.1734013472003155,0.26882460204874603,0.13080716088810987,0.27744951518475797,0.14688836058786442,0.5,29,46,accuracy✗ recall✓ kappa✗,full,60,uv,8.0,"in-fold RF importance, uv excluded",-0.08816346741514022,0.033674113470387616,-0.04333333333333334,0.016043921197992948
in-fold top-07 (RF importance),0.7466666666666667,0.8342857142857144,0.624,0.772920634920635,0.4669329875490867,0.8297142857142856,0.11902380714238084,0.1684260874650228,0.22597935008904393,0.12155798296481467,0.25105380418887296,0.13595967789607863,0.5,29,47,accuracy✗ recall✓ kappa✗,full,60,k-sweep-infold,7.0,in-fold RF importance,-0.09287683526333279,0.039974698478073944,-0.04666666666666666,0.018683524134222487
in-fold top-22 (RF importance),0.7466666666666666,0.8571428571428571,0.5920000000000001,0.7650317460317462,0.4601001702116254,0.8428571428571427,0.11149240133549711,0.1486904285332952,0.2343786110832926,0.12629158248673697,0.24069722217732245,0.1415415614066843,0.5,25,51,accuracy✗ recall✓ kappa✗,full,60,k-sweep-infold,22.0,in-fold RF importance,-0.09970965260079408,0.030080242521625167,-0.04666666666666666,0.013676148472323521
in-fold top-08 (RF importance),0.7433333333333333,0.8342857142857142,0.616,0.7734689754689755,0.4559786187623,0.8451428571428572,0.1421560175769332,0.16329931618554522,0.2703084657695106,0.14276666929471515,0.3078903918576255,0.14067862734074496,0.5,29,48,accuracy✗ recall✓ kappa✗,full,60,k-sweep-infold,8.0,in-fold RF importance,-0.10383120405011946,0.03781125816572071,-0.05,0.017347216662217772
"in-fold top-05, no-uv pool",0.74,0.8457142857142856,0.5920000000000001,0.762965367965368,0.4457247747169349,0.8148571428571428,0.13676148472323524,0.16963345838625596,0.27373953556863745,0.13775922332212334,0.2955144623255398,0.15076223565827176,0.5,27,51,accuracy✗ recall✓ kappa✗,full,60,uv,5.0,"in-fold RF importance, uv excluded",-0.11408504809548452,0.03628880204530126,-0.05333333333333334,0.016583123951777
RFE in-fold -> 5,0.7333333333333334,0.8171428571428571,0.616,0.7684545454545454,0.43809421121470465,0.8119999999999998,0.14433756729740643,0.17261494247992246,0.26407069760451146,0.1388437237521416,0.31180889879699364,0.1574499164511566,0.5,32,48,accuracy✗ recall✓ kappa✗,full,60,rfe,5.0,in-fold RFE,-0.12171561159771484,0.046043971170543055,-0.06,0.021256807188565548
whole-data top-05 (LEAKY),0.7333333333333334,0.8342857142857143,0.592,0.7592799422799422,0.43543399861331555,0.8262857142857143,0.13819269959814168,0.1782377835448848,0.24819347291981714,0.12910582673431376,0.2956958786699457,0.13271625914776558,0.5,29,51,accuracy✗ recall✓ kappa✗,full,60,k-sweep-leaky,5.0,ranked on all 60 heads,-0.12437582419910392,0.03838741199148252,-0.06,0.018333333333333333
in-fold top-05 (RF importance),0.7299999999999999,0.8171428571428572,0.6080000000000001,0.7625425685425685,0.4324315835710523,0.8131428571428572,0.15076963050124345,0.2,0.26127890589687236,0.14091958458872197,0.31546519285160274,0.15297058540778358,0.5,32,49,accuracy✗ recall✓ kappa✗,full,60,k-sweep-infold,5.0,in-fold RF importance,-0.12737823924136718,0.04669473912497467,-0.06333333333333332,0.02166666666666667
in-fold top-06 (RF importance),0.7266666666666666,0.8228571428571427,0.5920000000000001,0.7584155844155843,0.42139715271309197,0.8234285714285715,0.14337208778404378,0.18571428571428572,0.27373953556863745,0.1452103954635113,0.30431004793725674,0.15134768729313175,0.5,31,51,accuracy✗ recall✓ kappa✗,full,60,k-sweep-infold,6.0,in-fold RF importance,-0.13841267009932742,0.039550116880420386,-0.06666666666666668,0.01863389981249825
in-fold top-04 (RF importance),0.7233333333333334,0.8114285714285714,0.6000000000000001,0.7577619047619047,0.4173990373696256,0.8017142857142856,0.14577379737113252,0.17842851423995423,0.2581988897471611,0.14464331438950523,0.3085515202584998,0.1428761892065185,0.5,33,50,accuracy✗ recall✓ kappa✗,full,60,k-sweep-infold,4.0,in-fold RF importance,-0.1424107854427938,0.0416510455620903,-0.06999999999999999,0.019051586888313606
whole-data top-04 (LEAKY),0.72,0.8171428571428571,0.584,0.7497561327561327,0.40998862046205503,0.8325714285714285,0.1440968038815882,0.19130770882476827,0.24440403706431146,0.1335833216674218,0.3030377879756311,0.12787642844707914,0.5,32,52,accuracy✗ recall✓ kappa✗,full,60,k-sweep-leaky,4.0,ranked on all 60 heads,-0.14982120235036445,0.03512022853529982,-0.07333333333333333,0.016887426837300736
whole-data top-03 (LEAKY),0.7133333333333334,0.8171428571428572,0.5680000000000001,0.741036075036075,0.3928552188578155,0.82,0.14449785337377727,0.17747281098651643,0.25612496949731395,0.13748596029069873,0.3079105286987103,0.14498416521560314,0.5,32,54,accuracy✗ recall✓ kappa✗,full,60,k-sweep-leaky,3.0,ranked on all 60 heads,-0.16695460395460393,0.038220072851707115,-0.08,0.01766457010620516
in-fold top-03 (RF importance),0.6833333333333332,0.7657142857142857,0.568,0.7341269841269842,0.3371626736301659,0.7891428571428573,0.13608276348795434,0.18387366263150307,0.24953289696283867,0.1433416973307753,0.28744509932028806,0.15541692883565641,0.5,41,54,accuracy✗ recall✗ kappa✗,full,60,k-sweep-infold,3.0,in-fold RF importance,-0.22264714918225356,0.03803912860492019,-0.11,0.017821127702606042
L1 in-fold (C=0.1),0.6733333333333333,0.7485714285714284,0.5680000000000001,0.7306118326118327,0.31620179883996924,0.7234285714285714,0.13376665697593895,0.18107765087458613,0.2749545416973504,0.14047837029379603,0.29028024743197806,0.16458978072276342,0.5,44,54,accuracy✗ recall✗ kappa✗,full,60,l1,,in-fold L1 logistic,-0.2436080239724502,0.05162883364110701,-0.12,0.02360947706763975
